Time Study Service Fee List 2025,,,,,,,,,,,,,,,,,,,,,,,,,,,,,,
Type,Service,Service Description,Student Fee,Refferal Fee,Sales of Cost,Revenue,"TS
JP/KR/TH",KN,Description,TS,FHS,Ozihouse,AHN,,,,,,,,,,,,,,,,,
Homestay,Matching Fee,Homestay matching fee,$400,,$0,$400,$200,$200,,,,,,,,,,,,,,,,,,,,,,
Homestay,Over 18s – Private Room,"Traditional Homestay (2 meals Mon–Fri, 3 meals on weekends)",$410,,$390,$20,$10,$10,,,,,,,,,,,,,,,,,,,,,,
Homestay,Over 18s – Private Room,"Complete Homestay (3 meals, 7 days per week)",$440,,$360,$80,$40,$40,,,,,,,,,,,,,,,,,,,,,,
Homestay,Over 18s – Private Room,Dinner Only,$380,,$330,$50,$25,$25,,,,,,,,,,,,,,,,,,,,,,
Homestay,Over 18s – Private Room,No Meals,$340,,$290,$50,$25,$25,,,,,,,,,,,,,,,,,,,,,,
Homestay,Over 18s – Shared Room,"Traditional Homestay (2 meals Mon–Fri, 3 meals on weekends)",$380,,$360,$20,$10,$10,,,,,,,,,,,,,,,,,,,,,,
Homestay,Over 18s – Shared Room,"Complete Homestay (3 meals, 7 days per week)",$410,,$330,$80,$40,$40,,,,,,,,,,,,,,,,,,,,,,
Homestay,Over 18s – Shared Room,Dinner Only,$350,,$300,$50,$25,$25,,,,,,,,,,,,,,,,,,,,,,
Homestay,Over 18s – Shared Room,No Meals,$310,,$260,$50,$25,$25,,,,,,,,,,,,,,,,,,,,,,
Homestay,Under 18s – Private Room,"Traditional Homestay (2 meals Mon–Fri, 3 meals on weekends)",$430,,$410,$20,$10,$10,,,,,,,,,,,,,,,,,,,,,,
Homestay,Under 18s – Private Room,"Complete Homestay (3 meals, 7 days per week)",$460,,$380,$80,$40,$40,,,,,,,,,,,,,,,,,,,,,,
Homestay,Under 18s – Shared Room,"Traditional Homestay (2 meals Mon–Fri, 3 meals on weekends)",$400,,$380,$20,$10,$10,,,,,,,,,,,,,,,,,,,,,,
Homestay,Under 18s – Shared Room,"Complete Homestay (3 meals, 7 days per week)",$430,,$350,$80,$40,$40,,,,,,,,,,,,,,,,,,,,,,
Airport Pickup,City Basic,,$200,,$70,$130,$65,$65,,,,,,,,,,,,,,,,,,,,,,
Airport Pickup,City + 공항마중,,$200,,$130,$70,$35,$35,,,,,,,,,,,,,,,,,,,,,,
Airport Pickup,Suburbs Basic,,$200,,$150,$50,$25,$25,,,,,,,,,,,,,,,,,,,,,,
Airport Pickup,Suburbs Basic+ 공항마중,,$200,,$200,$0,$0,$0,,,,,,,,,,,,,,,,,,,,,,
Settlement Service,Finding Rental Property,"Provide rental listings matching client requirements (website, photos, local area info — up to 3 properties)
Assistance with lease agreement preparation
Additional support beyond 3 properties: +$300 per property","$2,000",,$900,"$1,100",$550,$550,,,,,,,,,,,,,,,,,,,,,,
Settlement Service,Temporary Accommodation,Airbnb booking assistance prior to moving in,$500,,$300,$200,$100,$100,,,,,,,,,,,,,,,,,,,,,,
Settlement Service,Utility Applications,"Application support: electricity, phone, gas, internet, cable",,,$0,$0,$0,$0,,,,,,,,,,,,,,,,,,,,,,
Settlement Service,Airport Pickup,"Van transfer (up to 5 passengers)
Orientation: full schedule overview and service briefing",,,,$0,$0,$0,,,,,,,,,,,,,,,,,,,,,,
Settlement Service,Arrival Day Essentials,"Mobile phone plan setup: comparison of carriers and pricing
Grocery shopping assistance at Korean or local supermarket",,,$0,$0,$0,$0,,,,,,,,,,,,,,,,,,,,,,
Settlement Service,Banking,Pre-arranged bank appointment and in-person account opening support,$500,,$200,$300,$150,$150,,,,,,,,,,,,,,,,,,,,,,
Settlement Service,School Enrolment,"School visit, enrolment preparation, uniform and textbook purchase",,,$0,$0,$0,$0,,,,,,,,,,,,,,,,,,,,,,
Settlement Service,Car Guidance,Visit 2–3 dealerships and compare pricing,,,$0,$0,$0,$0,,,,,,,,,,,,,,,,,,,,,,
Settlement Service,Shopping Guide,"Furniture: furniture precincts
Electronics: discount specialist stores
Groceries: discount supermarkets
Food items: local and Korean supermarkets",$500,,$200,$300,$150,$150,,,,,,,,,,,,,,,,,,,,,,
Settlement Service,Car Purchase & Insurance,"Assistance finding the best-value vehicle
Car insurance setup
Consulate document notarisation guidance",,,$0,$0,$0,$0,,,,,,,,,,,,,,,,,,,,,,
Settlement Service,Community Information,"Nearby community centres, libraries, and facilities
Centrelink guidance
TFN application and document review",$500,,$200,$300,$150,$150,,,,,,,,,,,,,,,,,,,,,,
Settlement Service,Supply Shopping,Accompany client to purchase school supplies by year level,,,$0,$0,$0,$0,,,,,,,,,,,,,,,,,,,,,,
Settlement Service,School Drop-off Support,"Accompany student on first day; complete enrolment paperwork
Translation and interpretation of school communications and academic calendar",$400,,$150,$250,$125,$125,,,,,,,,,,,,,,,,,,,,,,
Settlement Service,Tutor Introduction,Referral to the most suitable tutor for the student's needs,,,$0,$0,$0,$0,,,,,,,,,,,,,,,,,,,,,,
Settlement Service,GP / Doctor Introduction,Medicare card collection and referral to a local GP,,,$0,$0,$0,$0,,,,,,,,,,,,,,,,,,,,,,
Settlement Service,Guardian Service,"Regular consultations with parents: school reports (attendance, grades, counselling, peer relations), homestay reports (home life, outings, meals), welfare reports (counselling, early issue detection, health, allowance)
Photo reports: school, homestay, and leisure activities
School counsellor meetings
Subject selection advice tailored to the student
Private tutor and after-school programme referrals
Homestay placement and ongoing issue management (outing/sleepover control)
School transfer processing
Airport pickup on arrival and departure
Emergency response: illness, accidents, etc.",$500,,$200,$300,$150,$150,,,,,,,,,,,,,,,,,,,,,,
Settlement Service,WHV or Student Package,"Mobile Phone, TFN, Bank account",$150,$50,$7,$93,$47,$47,,,, ,,,,,,,,,,,,,,,,,,
Settlement Service,Student Accommodation,,$200,$50,$0,$150,$75,$75,,,,,,,,,,,,,,,,,,,,,,
Career Program,Hotel Internship,Paid Job,"$1,400",$400,$0,"$1,000",$500,$500,,,,,,,,,,,,,,,,,,,,,,
Career Program,Prof. Internship,Un-paid Job,$800,$200,$0,$600,$300,$300,,,,,,,,,,,,,,,,,,,,,,
Career Program,Demi-pair,,$800,$200,$0,$600,$300,$300,,,,,,,,,,,,,,,,,,,,,,
Career Program,Au-pair,,$800,$200,$0,$600,$300,$300,,,,,,,,,,,,,,,,,,,,,,
,,,,,,,,,,,,,,,,,,,,,,,,,,,,,,
TIME STUDY HOMESTAY - Booking information,,,,,,,,,,,,,,,,,,,,,,,,,,,,,,
* Weekly internet fee is included,,,,,,,,,,,,,,,,,,,,,,,,,,,,,,
"* Half Board : Mon to Fri serves 2 meals ( Breakfast and Dinner ) and Weekend serve 3 meals ( Breakfast, Lunch and Dinner )",,,,,,,,,,,,,,,,,,,,,,,,,,,,,,
"* Full Board : Mon to Sun serve 3 meals ( Breakfast, Lunch and Dinner )",,,,,,,,,,,,,,,,,,,,,,,,,,,,,,
* Twin room will only available for student apply together,,,,,,,,,,,,,,,,,,,,,,,,,,,,,,
* Oyako option: provide one single parent + one single child,,,,,,,,,,,,,,,,,,,,,,,,,,,,,,
* Study Tour Booking : Please make an inquiry to admissions@timest.com.au,,,,,,,,,,,,,,,,,,,,,,,,,,,,,,
,,,,,,,,,,,,,,,,,,,,,,,,,,,,,,
,,,,,,,,,,,,,,,,,,,,,,,,,,,,,,
멜번 픽업 - https://melbournepickup.com.au/,,,,,,,,,,,,,,,,,,,,,,,,,,,,,,
Provider,,Service Description,Student Fee,Refferal Fee,Sales of Cost,Profit,,,Description,Type,Service Description,Student Fee,Refferal Fee,Sales of Cost,Profit,Description,Type,Service Description,Student Fee,Refferal Fee,Sales of Cost,Profit,Description,Type,Service Description,Student Fee,Refferal Fee,Sales of Cost,Profit,Description
멜번 픽업,,Airport((Tullamarine) to CBD,,,$70,,,,https://melbournepickup.com.au/,Homestay,Placement fee,$350.00,$0.00,$0.00,$350.00,,Homestay,Placement fee,$350.00,$0.00,$0.00,$350.00,,Homestay,Placement fee,$350.00,$0.00,$0.00,$350.00,
,,Airport((Tullamarine) to Sub or Avelone,,,$150,,,,,,,,,,,,,,,,,,,,,,,,,
,,Escort Service,,,$60,,,,,,Single Room_Over 18,$380.00,$0.00,$380.00,$0.00,,,Single Room_Over 18,$380.00,$0.00,$380.00,$0.00,,,Single Room_Over 18,$380.00,$0.00,$380.00,$0.00,
,,Morning Charge,,,$10,,,,,,Single Room_Under 18,$400.00,$0.00,$400.00,$0.00,,,Single Room_Under 18,$400.00,$0.00,$400.00,$0.00,,,Single Room_Under 18,$400.00,$0.00,$400.00,$0.00,
,,Extra Person,,,$10,,,,,,Twin Room_Over 18,$340.00,$0.00,$340.00,$0.00,,,Twin Room_Over 18,$340.00,$0.00,$340.00,$0.00,,,Twin Room_Over 18,$340.00,$0.00,$340.00,$0.00,
,,,,,,,,,,,Twin Room_Under 18,$355.00,$0.00,$355.00,$0.00,,,Twin Room_Under 18,$355.00,$0.00,$355.00,$0.00,,,Twin Room_Under 18,$355.00,$0.00,$355.00,$0.00,
,,,,,,,,,,,Lunches (Mon-Fri),$30.00,$0.00,$30.00,$0.00,,,Lunches (Mon-Fri),$30.00,$0.00,$30.00,$0.00,,,Lunches (Mon-Fri),$30.00,$0.00,$30.00,$0.00,
,,,,,,,,,,Demi-pair,,,$0.00,,$0.00,,Demi-pair,,,$0.00,,$0.00,,Demi-pair,,,$0.00,,$0.00,
,,,,,,,,,,Au-pair,,,$0.00,,$0.00,,Au-pair,,,$0.00,,$0.00,,Au-pair,,,$0.00,,$0.00,